email, firstName, middleName , lastName, 
teghajolo@sim.gs,Logan,T,Anderson,
gomoj@fofeiv.hm,Stephen,W,French,
lu@donu.pm,Alta,T,Foster,
sat@fiul.tr,Beulah,R,Flowers,
kaci@bi.ge,Flora,M,Jimenez,
pareun@zumiw.at,Evan,B,Christensen,
urhebu@ihenismed.mq,Irene,T,Pratt,
wukades@akoam.im,Dennis,Y,Shaw,
ecuazu@vebfausa.il,Ethel,M,James,
nujikkah@bafure.cx,Bernice,A,Valdez,
fikpu@fol.gh,Timothy,T,Rios,
niro@lehene.td,Essie,M,Moss,
cufok@nadow.st,Randall,B,Cohen,
tagnotibi@waecsot.bt,Jeffery,G,Clarke,
kuce@gutop.aw,Cora,C,Ortega,
gufsewic@cejic.mm,Catherine,P,Edwards,
foze@furti.gp,Jean,W,Bradley,
wace@muogu.rw,Lucy,X,Martinez,
zubiwah@adev.nr,Etta,G,Bailey,
mug@kem.hm,Ricardo,G,Curtis,
rorgom@nacwiul.io,Gertrude,Q,Mathis,
ter@zizugzas.bj,Jayden,T,Nichols,
vefne@jo.my,Fanny,W,Bryant,
joasnuf@zodenubi.ph,Delia,V,Lopez,
fafabe@hu.ma,Jane,D,Douglas,
elaismom@reb.zm,Josephine,T,Page,
wodpazub@riswa.cm,Katherine,S,Clayton,
juabuguw@mod.fr,Stanley,M,Guzman,
geliwnu@wonusuc.nz,Alberta,K,Swanson,
latoffe@jit.iq,Warren,X,Curtis,
wan@gad.lt,Mathilda,N,Patterson,
temu@un.li,Agnes,A,Sims,
ep@talut.ba,Georgia,U,McLaughlin,
opahenra@zopuazi.ph,Edgar,A,Willis,
sihiv@jimku.sh,Victoria,I,Fitzgerald,
sedibi@gemej.gov,Delia,I,Howard,
laazabe@bebo.cy,Laura,B,Walsh,
niatwi@ew.nu,Charlotte,C,Jordan,
sa@ted.si,Addie,E,Clarke,
facumu@ja.mx,Bill,L,Delgado,
ubilin@bij.co,Madge,X,Brady,
zacriczaw@pa.ps,Joshua,G,Rodriguez,
caref@ti.co.uk,Iva,D,Weaver,
husavhib@codkakkib.gg,Maud,U,Powell,
pibhuhoc@kiag.mk,Shawn,U,Gonzalez,
arba@fo.sm,Lula,C,Larson,
pipeabo@higiw.bq,Millie,U,Poole,
ducawrak@taforuon.gt,Roxie,X,Leonard,
tovaoha@olu.ge,Grace,K,Hawkins,
sucvop@fiileal.ac,Christopher,P,Pearson,
